8bf7:a929:fd4b:b6b7;24
1e8a:f331:e514:8685;23
08db:16bd:7b7b:979e;0c
645b:106d:8067:7536;22
f347:5d83:c7fd:18e9;4d
d392:55c1:c309:1e3c;e8
46ed:fbc2:3c28:bbbf;cf
adef:164b:a110:7407;0c
15a8:460e:324b:5c0b;8c
df93:e1b4:92f0:0684;46
c70e:68cc:05bb:5e57;18
aa17:fb91:51d1:e9fb;dd
8bc9:8df9:1980:b482;88
f56c:d932:de7b:9d9c;ea
1480:931d:053d:ceb7;cd
d0d6:9a69:2806:c77c;a7
8762:5f68:5ee4:35ed;79
7f84:b8ba:ff0f:65b9;d2
0559:47d3:1cac:912c;60
910c:112c:e68c:fd56;2d
4352:2ef1:80c1:74d0;98
5698:e1c4:d5d0:ef62;d5
ab86:d5f3:f3eb:7789;c2
b05f:ac8f:2a73:d165;75
bc15:d5ea:50da:7d4f;a2
7637:db59:91c1:5d79;0e
6c07:b7de:6213:e430;6d
9e67:1edd:c442:1c85;4c
7423:773c:b3fc:6cd0;b9
65bd:0808:c63a:2045;a9
6d7c:6292:3eae:d4f1;dc
e8d3:9399:36f9:7c4e;c4
d8d0:d701:e892:e8ef;fe
e482:664c:b2a1:070d;20
94ba:d031:e1d2:be33;6c
2968:2b65:c4f6:44ef;c6
905a:c21e:65c8:aad5;9f
b2ff:dd7e:ad48:2d4e;28
2e7d:91ca:4d11:b287;b5
379a:c927:ec4f:bcfc;0c
7f6b:0ef9:b2d4:1603;33
b7a6:6a61:de2b:cfea;95
f224:83b4:0727:66e6;99
eb2a:d8df:c261:7fdb;45
fd79:cfe0:2363:672c;d1
8853:e36c:6c76:6b6e;f3
c7d2:b3a0:6962:277b;7a
3afc:d532:e6b3:ef4a;3f
2080:e41e:2814:1594;fb
12ab:a33a:b114:9809;5a
c9a3:7e60:593c:20be;fe
fd4b:d2e5:340a:b109;a3
3cc1:bc9d:9842:9e0a;f5
2821:1b1e:2c12:0c0b;f8
aec4:cdd2:05ee:e718;e6
3aad:9dfc:a7da:96bc;96
2e52:cfff:f39c:0cbc;fe
633a:e65b:a65d:27fc;5a
f208:c072:03b1:11bf;de
b01b:8ad4:7fe0:8407;b4
392d:ca9e:8c6e:6257;a5
fc99:fe33:dc47:022e;b4
b8b5:8a3c:a225:61db;56
d2ac:98ad:7c6f:cf8f;b0
2e2b:6c57:464c:149a;52
16ad:28e1:cdc5:3042;73
0059:eed5:1dcd:a8fb;db
8a8b:1ace:5666:0e30;1d
f608:e8a2:57d4:cf3b;4f
b1a4:6d95:0246:72d7;95
c925:6ec4:84e8:4782;75
f309:6651:9b6d:28c8;17
60de:7f2f:f8c0:780c;77
66a3:344a:e304:40d5;5b
e103:ca88:559a:73de;ef
ed30:70fa:ad81:dc1b;61
5dc3:e718:2250:8c32;26
1fd9:e751:1817:7465;2b
498a:1464:64f3:535d;91
78e3:0998:4c93:474a;8a
7fc0:4565:9a67:b7c6;17
cadf:49f3:cc79:5b10;c2
7196:c94c:17be:bd0f;cf
aee6:5662:5b64:e039;c9
24b8:33b0:cdfe:f4b6;3a
daf8:9c63:7c09:5739;42
d549:e48e:c2fe:4aad;54
e77e:8c74:51f0:5bf2;37
c704:9979:7802:7151;ea
fe8b:cd65:acbe:4b32;cd
4c6b:6838:0ffe:561a;2e
92a1:023a:fa42:f456;a7
87ae:08a4:1921:bd64;b5
346a:29e2:17e3:3f72;fc
f499:93e7:a3b7:1415;d0
be99:2ad9:52e0:98ac;38
c268:448c:e1f7:1935;2d
1919:56a2:4f7e:dfa7;b6
b539:a9c9:9b61:f156;f3
e1cd:c5d1:29eb:e2a8;94
78fe:2d5b:75f1:87e5;5a
ef68:f7b2:7fe5:1fdd;17
76f2:0ef1:8942:9641;2c
4f3e:5b3c:f318:e14e;ba
b375:8ed5:bad4:a89d;68
1b50:b919:b935:5b75;f1
69be:ce38:2d45:e196;5d
7760:7c74:7086:3951;04
c67c:7b9b:c9b0:f96e;5f
598c:fac5:97f0:1d70;d0
9424:75d3:c2b0:56be;be
8b8c:146c:9791:f8a1;bd
42b1:9487:53cf:80ef;05
32ff:8386:e44b:66b3;f5
158e:eb3c:9d30:2f0f;97
05c2:92f3:5208:6fc3;88
bf11:c048:4306:4ad8;e1
bb0e:11d3:835a:076b;c9
121a:9e3d:58d4:cad2;32
2568:89e9:f173:60ca;81
92bd:9dc0:0e08:48ea;b0
e1a9:8984:5488:fd35;aa
87be:f259:964c:2c2d;02
274b:a0be:aa34:25c9;88
1256:ba0e:5ad4:b4a7;a6
852f:35ef:facf:051c;58
b00e:2571:f004:8fee;5e
1034:72ef:b917:fa68;5b
6ae0:504f:a822:a942;ea
f130:6952:f845:2726;4f
bfc9:2e70:de36:e93d;68
16bf:71c9:4f41:51f3;cf
accd:3926:937b:eadc;57
2c78:6196:d961:67a8;39
eac9:3142:c020:665c;63
781c:03b8:33e0:411c;94
9d99:10cc:49ea:e497;87
a908:0ee4:4795:1ec5;a5
967e:e42e:0f34:f272;69
e782:94ac:7f99:d58d;48
63b4:02d1:1fc9:479b;41
c83e:02ff:aade:95ff;32
c432:aeee:ccff:c008;03
52c9:ffc9:ccd9:5784;70
0ac3:2c74:4748:366d;70
d677:ffce:e6c8:91ff;0a
595d:aa70:d29c:aa14;6f
80a2:ebe4:2748:5df7;84
b023:ca2c:4672:6864;94
eb8a:30d3:382a:8911;e6
4097:a615:e203:d516;e3
abc0:7ccd:0ecd:e65b;6a
5fa6:8133:d62f:cb3e;50
4399:439f:c4c0:3109;90
0feb:5e4d:b51d:1609;2f
a369:8f12:6588:c5ed;e1
b085:3185:b40a:c9e6;36
ccc1:bbde:e6c2:bd14;b6
834b:8355:f467:ee17;a0
633b:762d:56c9:d86a;f0
07d2:7b6c:b8c3:f4cd;8e
52de:8f5e:844c:3d8c;da
b5a5:914b:160c:805a;0f
d7b4:6d4a:854f:0342;64
8574:a3d2:0615:b16d;20
63d9:cac3:55d0:7300;24
c1cf:1ad9:e437:b142;ce
adcd:f516:2f8c:b714;89
9627:3325:d9ef:ef7b;91
d4ee:b7f9:9546:f0b5;23
b1fd:70d9:a760:fa39;79
903d:4d32:6adf:0216;9d
7f02:b019:05b5:1b9f;99
8d29:7c21:dfa9:10c3;0a
1faf:525e:4044:a0f8;96
77c6:e5f8:fdce:4b45;90
66b7:fc13:3350:49e6;6f
27c9:bb56:5cbe:ee25;41
62bd:f15d:9896:6734;12
f82f:8422:868e:0558;ce
3c1e:1e07:3841:0e96;63
d938:a2e9:7134:9291;ca
a1b9:df71:a396:12d8;20
c8c7:47c7:dbf9:1e8d;c3
8091:b271:d75a:af15;26
f5cd:1dc5:961d:e575;3c
0619:0051:6830:c939;c1
0dcb:b51a:e213:19af;e5
4ceb:25f4:18a8:ed29;9e
9f8c:ca05:5ffc:d5bb;a7
6ff7:a54d:0bfd:dc0a;22
e10e:aaba:d055:075e;55
edfb:b331:9bbb:c253;b7
e11c:3eae:cae2:0be7;69
108a:3910:4396:14d7;a1
4787:9ef5:2ae6:7d80;e2
cdf6:1cf9:41a3:68e1;43
beeb:a720:1ad9:c9d0;88
c5d5:a0f1:7437:e2da;8d
3634:e34a:7d74:85d4;8f
9519:6292:4eb7:59d7;72
a40c:948e:14b0:3d62;64
4f1e:38a4:ec09:153e;f5
b0f8:c6b7:7c17:93e1;e3
5de3:f80e:3f7c:d4ca;98
7eb7:5184:e33d:2dd5;ad
deb8:93fc:7873:484f;01
480a:8bd8:f310:2993;60
7fac:5a0f:326c:f846;9b
cdb8:3b7f:5cfe:f6e1;51
23a9:7632:04f1:d270;c4
c470:829f:e1a3:de0a;e9
92b5:075d:d485:6d58;64
13b2:afb2:a53d:9c4d;9d
83ce:3565:0e84:e894;ac
2261:0737:2a90:8fb4;5a
1ffc:f51e:5917:a712;77
eb6b:eeca:d8f4:ed18;90
68fe:d6c8:993b:18cc;92
ad38:73dd:8b0d:ee4c;20
cbfb:90af:9bfa:76c0;50
2e43:fab0:7e8a:5d23;b1
0428:7c4d:4ad4:7025;26
ebf1:c735:2f33:9e68;d2
4ede:c93a:361e:11b7;ca
c450:9ae5:fefc:6ca9;78
0ab5:8671:b984:1eb6;b7
29ff:7318:f89c:0c8d;94
fc16:fb19:a71c:6425;90
fa94:f391:afa2:c6bb;f9
6480:3fb3:30d3:2da1;9c
b474:9f15:fc68:a0e8;fa
f025:ef72:5d76:27c8;46
b2de:338b:6819:83dd;8e
7b1c:0270:6de1:5fac;7b
f66a:534b:29b9:2e68;a4
4c6a:c7b4:6dd0:b395;df
03bd:5abc:2a39:0902;52
5cf1:92ef:2103:4898;31
8366:db48:883c:57b0;8f
b9d1:4c81:50e5:b5c3;c0
8353:15c6:5ac3:952c;02
673d:c090:5e70:7bb1;29
6327:95e1:3f68:eaaa;8d
ce67:3517:0ac3:726c;1a
9145:46e6:9c27:44a1;c2
d800:4fc0:b6a9:ffbd;02
d6d6:34b0:f5e3:de6f;e5
e8a5:ab73:d9da:1093;4e
e55f:f46a:28a8:6a41;08
4bd8:ada2:3cde:9ef9;b8
e98f:87ba:1e22:2fe9;19
8eb4:87f0:069f:847a;81
8ac7:d165:2fe0:c980;17
7275:b157:4ecd:875c;81
63c8:05f2:5435:ce2b;f3
7588:80c1:a3a4:5d32;85
4384:1fdd:ac18:9a7c;5f
e972:fcaa:4984:e5c9;bd
9406:f833:ba94:5b27;36
1e4c:ee9d:c6b0:d960;ab
9c07:f18c:887a:2ae8;29
0ced:faa3:0daf:9e48;97
413b:030b:02e9:e792;55
a97e:e486:e108:96aa;bf
fbd2:5437:e7a4:c45e;27
81e9:3f0e:1e96:e2c2;93
a2ff:7bb0:1813:7469;0c
bd57:3661:010c:e179;f0
bce1:22ca:bf6e:b70d;ee
ae09:b858:4165:6f72;7c
8988:3076:c9f5:8708;5b
20ff:8878:158f:66a8;5d
dd6e:b93c:31d2:b22c;0a
fcac:3e72:1917:2ce0;1a
beb3:9f64:c70c:7c30;dd
abcd:6c3b:756f:bcf9;81
3e94:128c:a96a:6dc7;37
f9b1:965f:adb8:dd56;17
50a1:a087:3912:91b3;ff
45a7:a7e0:d3da:6aef;1e
379d:a63a:df4e:40ac;f6
d4fb:18c9:265b:dc6c;3d
c112:2212:3a48:799e;c8
d5b4:cd31:4681:2956;d6
fd72:ce24:b8ae:b22f;c4
7646:258a:9d79:6cb4;c8
f030:6a27:957b:ba07;95
3cd1:b559:30a9:49af;d1
feea:a024:8cc4:ed6c;ee
343d:6ade:4e01:8093;ec
6b8d:6c51:2308:6ca7;ea
db01:1983:97f5:f52d;f6
acd9:4306:7b0e:49d4;85
0bb2:e605:a28c:53a9;fe
b1d0:11a0:abf0:c86d;3e
321d:1e38:6871:b032;9c
0bb9:37cc:7946:7775;9e
5d1d:4172:5476:1d80;03
50fb:dc3f:eee8:7404;f6
4f43:24d9:7f03:5ac1;64
8909:c1b6:3367:3e3b;fd
4200:3e2c:8a36:dd40;ac
b0d1:5e01:4954:3129;d6
4c2c:4546:271c:937e;18
5573:3292:a9fb:4c19;77
325d:4da9:c898:ec6b;1e
8109:1960:c791:a034;19
c889:6ff3:f065:bed3;c6
b9d6:3f4b:44a7:1844;55
4578:16e5:808a:d6c0;17
e916:559e:48c1:e6a1;b0
3488:c924:17e7:a31a;a6
338c:83a3:e41a:616c;d0
c866:b690:8253:714a;8e
308e:c630:67b3:532f;64
fee5:f0d7:6184:1de1;73
097a:8e14:937a:97dc;20
c6cd:d706:c08a:5305;b0
2512:70ab:eec6:de87;71
7e06:86da:0e0a:333c;7c
a380:8422:0ec3:9759;1e
512d:ccef:7558:b3e4;9f
03f7:7939:704a:43b8;d2
322f:8932:9aa2:f33f;93
efe8:2564:8d7e:be3f;5a
ba91:129b:72a8:5371;2f
5b10:be2c:4d7a:8d82;6c
c4df:c6a8:f623:5234;b8
ef32:cd30:6b9a:5136;66
86f2:78a7:aa00:44da;53
625f:d25c:59e0:9157;25
4c99:e38d:49fc:647e;3c
601c:8a57:ffb3:c0e6;13
f69c:e30c:8bdb:2a35;40
3585:fdc1:094c:935e;ba
a5cb:4de6:cdf4:b3b1;01
97b4:c530:17af:b438;e7
c061:0c88:2c58:6baa;94
08b6:65f0:bfa0:1163;de
6114:50ef:f1c4:68c3;10
bb26:7718:e85f:676e;59
cc73:3359:6468:aced;4e
ad60:3377:ff0d:4db1;d6
cdfc:672f:c289:2422;cb
112d:9da7:66c5:756c;55
e709:01f1:49de:509b;a8
9f50:cea0:2267:9e58;80
6156:e1e4:4dfd:9e14;51
4e04:5992:256d:44ed;b4
2df1:26d1:0f76:bd7e;b0
d2d6:ed29:fce2:e4d0;1a
9793:cc6a:e919:9a6a;4f
3aad:8f43:7fe8:3e54;be
7553:7f2c:9639:74f0;6d
81a6:64e6:cd17:732b;bc
a4e6:da67:4d04:56f1;82
c5e8:ce89:1b01:244d;6f
b254:086e:5779:25b6;77
c40d:8531:6f96:63c0;7c
97ec:9782:be46:7238;65
bae1:f51a:8488:b663;10
f692:0de4:9b60:cc97;48
48dc:99bc:37b1:5822;bc
862b:d4f2:5a4f:93cc;32
ab0a:20b8:b81b:5bb1;74
007e:7046:9a9b:165c;2f
dfc2:1b96:d74a:3aa6;7d
b307:3246:247b:1d66;b9
0904:c815:5bf1:c809;d4
5fe8:abe2:9876:2c59;40
cd03:3c20:0d14:f52d;45
1f02:a806:2e82:0ce0;ac
3cd4:2520:0aeb:7920;d3
3e5e:9fdb:b849:4c5e;52
398a:470d:43f0:81c1;55
42e8:ba36:1426:eb26;c0
6b20:abf9:75f7:12be;79
9332:80c0:7043:980c;67
3672:03bf:e707:63b6;81
1901:1f03:4045:e25d;b1
1240:3a94:156f:b6b0;e7
ac27:78d4:11d6:9621;7f
dcb4:1097:3798:1e7e;6e
40d4:a172:d4c6:3197;4d
a96e:6baa:216f:8dd9;25
c6cb:626e:cb49:dc26;91
7dd7:fb58:b804:41bc;eb
2126:2e22:c831:b043;33
2be2:f3dd:ad1d:7848;cc
cf02:2b14:6411:3ead;d4
2121:2cb0:8da2:cf35;75
010e:33b4:d7d4:f5ab;be
f528:17ce:9deb:59fa;af
afef:fdc6:7212:f1e4;07
8897:f47c:4b1e:25b7;d1
0d29:b57c:3a28:1c7f;78
56ab:0d26:18c3:e694;02
4415:c1ce:2a32:38a2;0e
fb85:c5c9:f7f9:00a5;08
e63d:d621:8500:ae97;bd
d19e:c5c8:78f1:f3fb;2e
346d:758e:88c9:0de4;b7
de94:7f92:cd89:942f;44
4fc3:b648:7409:bdb0;fd
5348:7a64:b44c:b183;0e
fd33:cb1f:e72b:08e6;b8
c9df:6f20:dc54:2c34;4b
0dbc:ced8:c67e:7e27;17
1184:c7ee:bfde:78e4;f0
d81c:2e1f:3829:0f00;56
dda5:6e26:aa16:0d3c;18
ba47:b798:746a:073f;f9
eec3:30a9:e620:4d1d;1e
ca08:1913:7051:fdbd;44
7470:45af:c21d:5648;9e
50d2:abab:e2fb:d03d;9a
2a21:ce19:dfbd:053e;30
1ad3:17d0:4a7c:10fc;74
0a16:7ac7:eceb:5a43;38
ba5c:dfce:bdf8:cfc0;1a
63c7:6cc9:423b:0bfa;ce
7fb1:b3c3:0fbd:8148;fc
036a:03ea:cfc0:2da0;14
21d2:b29c:2f89:f492;9e
adb3:666e:594e:c4ed;73
384d:d974:3a49:1f33;ba
0514:5a23:9d7a:0b18;d1
b5d5:e562:a9c6:a67c;52
a496:4f90:adaf:bdf3;00
c2a5:002a:a251:faa2;8c
cbf8:3eca:7734:8baa;50
9f00:7cd7:b4e8:5a8d;93
e079:52f0:2279:1b52;67
bee0:7b8b:336b:6cfc;a2
cffb:e76d:1bd8:afaa;75
39ee:3f5e:e804:e033;85
ce06:9076:45b2:eeb6;a2
0891:59f1:3323:3ef2;e0
3b77:180a:d2ab:47b1;9c
8ef5:17b9:9265:cabe;9f
ccf1:6337:5006:75b3;d6
96f7:e732:bd76:64df;0d
d795:9565:308d:984a;33
237a:9433:81ab:c243;af
ef9a:92a1:2039:43c1;86
c4ee:4a5e:93db:5b24;28
67eb:ba76:d470:203e;1e
c1e0:8de2:6a67:3d5f;b0
eff1:1a7c:a938:af8e;30
101e:0ed0:7486:7af2;82
ccf0:5231:ad55:b400;4f
058c:9509:31b0:e027;5d
d04e:81a3:2431:fc76;05
9b27:05bf:c53b:3abc;4c
9d8d:6774:d794:58d3;e2
7eaf:d7bc:ea6d:b5aa;41
e5e4:9d6e:5848:653c;c8
f548:6b9a:f220:c0f0;32
2c67:1c1e:0245:62be;10
4cdd:14e5:ab6a:7ffe;22
826e:f33f:fcfa:d718;88
8f3d:f22a:dc93:8a82;85
e547:c138:cee6:c4b0;08
26dd:9590:52d1:994f;f8
435e:6d64:107f:21ae;4d
6e7f:65a1:c893:eb0c;b2
280c:10bb:f13d:0906;6b
8d96:850a:cb30:8e99;92
2556:59c3:29f5:dfeb;ec
b7fa:c020:099c:08b9;ec
6142:4083:16d7:60a9;54
eb58:8759:3442:c573;8d
49fa:1d08:d082:1d8e;29
f0a4:429f:5c89:49bc;e3
55ad:af22:bc7b:ad1d;83
3353:ce7b:34da:e718;6c
82ef:8572:9224:0ca8;fb
d6b5:8088:cd25:ba74;7f
0fec:889e:2308:9711;d5
faa7:b65f:34c5:834a;ad
b67e:fcda:7b70:0a48;36
05fd:0350:879b:d17a;a4
962e:e302:6d26:5bdc;11
6884:3896:40fb:a530;0b
dae5:7e10:3524:64ba;0b
8744:7c9e:de11:643b;5b
b670:3217:49f3:eeec;41
8821:d045:32a4:265b;24
d2d6:653e:6d98:13bf;36
29ce:df76:aaed:5c83;f7
5256:2c94:2ebf:360f;0e
9856:2e4b:3056:6a5f;cb
510a:755c:3816:62b8;b2
57fa:222c:7c3a:fddd;78
8065:505c:2946:1aff;6d
1e66:395e:1891:a053;b7
3ca6:e9b0:f331:0f8f;80
b57e:f0e6:ff91:bb78;b4
c5a2:a1b7:67a4:16f3;e5
63f0:9341:000b:8b20;aa
39d3:5a7e:541f:c4bd;7c
8777:ca64:e1ef:1e72;2e
24ec:eed3:d9cf:af51;36
3785:9074:f605:ccd7;ac
2ead:6d58:967d:8c7b;10
ce3c:7d3f:d4c0:f4a2;7f
4a73:c97b:8901:9781;c0
6738:8727:9897:87b9;b1
4e3a:424d:3b07:5ea2;19
2256:5bfb:6406:c90f;22
177d:a97b:7799:7439;83
11a5:00a9:a526:b9d5;96
066b:cfbb:350a:87a7;ee
5426:3639:a101:8724;23
2c69:fa3b:8166:801d;e6
09d3:3d0e:80f6:c8a7;c6
ed7e:025c:1b41:e431;cb
dee5:ab42:3547:0ed6;79
3fdf:7c1e:1b3b:b6fd;0c
24a8:5cf0:4132:f425;c5
9111:c5b5:3a4b:a51d;73
194c:4f00:e965:9bad;4f
a17f:40e9:f45f:99c8;6f
949f:7554:2052:347d;61
1009:f182:9d4b:41c1;30
49a5:0ae5:0c5f:1a57;eb
9c6a:e286:a8d2:a191;18
e61a:577e:2e6b:5f5b;23
55ac:ac1f:4556:854b;a2
8976:5caf:76d8:d203;e6
33e3:8f88:9195:e85b;db
45d8:ef53:38c8:db53;c8
c85b:ec79:18f2:6173;03
59d5:cca1:2d86:5f34;b5
ea85:65df:2157:9e95;cd
1a35:5972:488a:1bfe;72
4ecc:4713:9eb6:4fa1;e2
716a:caaa:67ef:bbbc;40
d9d1:a212:6116:3872;55
28e0:5201:a1c7:3ae5;f3
f74d:09ff:1654:f984;05
6235:069d:817e:8123;f2
6180:bf7d:fc76:865a;2d
ef5a:07bb:b7e9:7279;0d
9c23:f7e8:9558:537f;1e
e427:6516:76e4:86b8;24
2964:8e72:0f4b:44be;47
f1ab:9b51:798e:0645;f7
fd44:7165:9d5b:d1a3;10
6468:6988:56ea:d893;14
410c:00cd:a78c:f280;d7
2fa0:f237:cacc:b5a2;6a
c32f:ca0b:1efd:cbe9;cb
9273:c7d5:757f:e012;d4
df55:ba6a:fb6d:9ec4;21
7c07:c057:5984:a8eb;7f
a29b:bdac:f329:eafc;04
d69c:139e:021d:5df8;fe
d414:5b02:b7e3:6f3e;b6
f6e9:6a36:455e:af91;50
e691:e19b:4702:00d1;99
d9fc:3b3e:a89a:bc5d;57
bb67:2292:4ea9:ed0a;2c
862d:c408:93b1:1b10;5b
58d1:217f:8c3f:a62b;79
fd2b:7ed9:fd32:fac6;13
76f0:3b50:aa72:975c;f9
f9b6:c194:f885:c094;46
8c2d:d263:3a8b:1db4;94
8ee3:2977:c998:c79f;71
5b58:24a3:ff24:9293;e1
8f6b:9a28:441d:ebd5;69
6c26:7865:852f:8cf7;4c
b6d2:d411:9fda:a3c2;69
f4c6:a14d:3f40:5e11;d0
b7a6:5a0f:812f:ac52;b4
2826:eb75:46c9:e967;99
83b1:7743:ba47:c639;00
40c1:18b0:a857:791e;af
3c89:ffd2:e269:b6fc;62
55b6:c642:5a6e:8bfa;49
b260:a276:9bf0:d7df;66
4659:d759:3db4:0827;fd
82ec:cce6:7b98:1031;f3
77c8:ce05:c9d9:6256;75
9856:2d73:7a5b:45cc;24
2ece:ee58:13c0:81bb;c3
ca97:cda2:abbf:e7a1;05
b101:5096:5785:6da1;b5
235a:8efa:44c3:9732;44
5ea8:628d:191c:4fd1;c1
c3b4:96ee:94f6:5c27;48
2412:4183:809f:c43d;bf
b4c3:2368:074e:3dcb;9e
7c7d:2632:0c1d:0551;a4
d88b:5de4:5594:63af;d0
fef1:6f9a:c417:4a97;6e
433d:2aac:101c:cd6a;b4
9776:b10f:b6b9:727d;2e
0d83:251d:f5ae:2ad9;18
a795:72d8:8e0d:52c8;17
7830:3bd4:8666:60d5;a2
efc9:6db1:6738:15b2;68
f90c:ae73:56ef:6d00;a3
13f4:7722:9752:1db7;43
8416:3415:9a4a:8df0;b6
8d7c:36bd:1fed:ea9a;e5
08a2:65e3:04e6:27ac;ce
293a:e9a4:6c7f:3d64;ee
9f3f:b9fc:10f6:ae55;0b
b805:ffd2:1f3e:b950;2d
eefc:2eea:a082:7cf2;0f
b555:0be2:987c:1c71;82
8a60:ae23:9ae1:f9ea;d2
c51d:0496:bd29:aea4;7d
b500:caeb:8e9b:b1d4;7e
1ebc:70d9:bfdb:cb64;3a
18dc:0e8d:6bae:7684;b8
de1a:7bbd:eaca:feaf;0d
b6f1:5dba:f1d7:2632;f6
cb05:623d:e8eb:cf3f;67
dc88:1ec9:df66:674d;7e
bc8f:75f9:8747:7e41;f6
5c2b:3455:003f:ca8d;f8
0ca1:0612:0851:109f;bb
00ff:9770:adcd:c20a;3a
6323:5a2c:ac58:befb;a7
4fdd:6918:6f65:6d00;f5
a6ab:e49e:4ada:554f;5b
5ec8:9014:7e59:e6e3;d5
e9b7:ded9:9ca4:9181;24
4e91:fb39:5087:04fe;1d
e16c:e564:a228:195c;07
22cf:8db4:a978:cb9c;ff
19c6:1027:b66d:4891;e3
dd0c:d75f:07d0:1896;1b
852f:3f4f:ca0a:c752;62
e955:7e5c:dfbf:11fa;3d
3130:ddcb:30b2:ee52;5f
0592:9841:197b:8c8a;49
88e2:bc6a:c14b:9741;73
bf86:a923:9872:1602;67
1dcf:1c62:00e3:d021;a3
b968:b18e:2589:17e4;25
4a90:15b4:b9cf:f44d;9e
e7e2:d049:8b51:50a2;3f
a5b8:d59e:0aaf:f563;56
c69d:993c:afe5:5d08;6d
83d2:9e6c:9b83:b0a5;1a
3948:ea25:3824:2ea2;ea
399e:9aa3:746d:a790;91
8f73:7ef5:91d3:cf42;10
eac3:c2b5:228a:2a1b;dd
23f7:c933:8730:a65a;1d
5230:a445:045c:4471;de
dd69:fbfc:72d5:e8c5;b6
8384:d80c:9be8:d845;c3
0ce4:a547:a487:3afa;1d
a45e:47e1:f70b:e77a;77
ecbe:c655:d4ca:bf64;73
3752:2ab5:699d:61a1;6a
615a:e4fd:63c7:4e99;75
783e:ee30:9b15:52bd;21
9110:2a0b:e8a0:6210;4c
480a:154f:7cf0:d236;db
743c:1842:9364:ffcf;19
1fdf:2630:f170:a0c2;ff
13e9:4376:2015:9b26;03
231d:3d9f:a44e:0331;2b
8b7e:f907:895c:b828;d4
a41e:faf6:55a9:0f59;9b
5008:a8d6:f9b4:c215;a5
fda0:2a77:ce48:5afe;23
a188:db61:b6c8:62d7;05
20fe:96a4:cbbe:b2c8;b8
de85:cf75:1de9:8846;34
9bf5:5771:c32e:b42d;41
3767:3abe:71c1:a112;a9
2931:df5d:9f35:3e0a;1c
ceb5:27f0:119d:5170;b2
73d8:41fe:da70:aaf9;a7
e145:157f:edd2:70e5;00
c07c:9264:a71f:5c5d;10
db10:e4aa:cd3e:b9a7;04
1a7d:388b:285d:e466;b4
2b97:ecd3:6f2e:bd83;8e
3486:88b7:4436:9a74;ad
9c18:3714:db0a:d87d;37
5f77:b63a:4574:a7a0;81
f06a:310f:3821:dff4;92
7369:9c2e:85f1:1b4f;cf
84b4:9cd8:7583:af6f;cb
aa36:0a5e:f1b6:a4ce;fc
845d:d147:fc57:b782;d9
178d:0247:e840:8894;e4
16ff:36ca:d40a:6473;bb
9f24:30d5:898f:7917;2d
6f9b:e0b1:d234:06b3;7e
bfdd:9c17:1585:7575;65
deee:e637:f482:fc16;f8
b0f4:f2fa:e61d:b655;2a
bb40:ba8f:8b9d:2519;49
1095:39af:05c1:90d5;f7
9721:0738:ae92:b3b7;c0
d983:2a08:183e:f93f;ca
9c79:8b0e:8557:c8fd;16
3e8d:8864:30e4:eebe;11
fa7e:59ae:e3fc:466f;e7
adf1:99fe:d121:5927;b9
2aef:06e9:aebb:58e4;41
f30e:9f1b:48d2:2619;e5
4ad3:0225:9032:5408;68
85d2:720c:fb36:4ff3;fc
37e0:b022:f621:31de;30
8078:f4d8:96d6:6816;34
526c:49e3:6472:1b95;78
a4cd:e694:7392:9fa0;2f
1075:049f:fb16:3bf8;6f
b528:e91d:692a:c9f6;b9
f040:8a4e:c296:e230;6c
80ec:f9fc:505c:f098;68
83c8:f18a:51ec:207c;a9
2a92:a9e8:0f79:73ba;6b
f424:af18:ff16:95a6;12
c4d1:649a:089a:7ac1;be
4d31:e171:a2ac:8495;43
9e23:3d85:ded8:aa4f;34
f030:480c:3eca:edaf;b0
e90c:264e:3685:504f;23
cc79:1a4a:5014:085e;3e
b433:4f90:636b:a4ca;4a
f4af:efbd:0ee0:ef1d;b8
72c4:8484:9c2b:68ad;02
6007:ec50:5e56:0b60;a0
963a:c936:e50a:2c5f;bc
e0c9:eb55:ea6a:c54a;04
590b:338e:1560:3828;0f
7bc6:64be:0f28:a7d2;16
923d:3346:c079:c88b;a1
4d92:f290:0273:5097;da
4cc3:b4cb:1a10:392f;9d
fc5c:7bd8:47b0:170a;c0
6859:e176:94de:94f9;81
911f:5807:2780:3f0d;dd
6159:8d5f:cd9a:0c4e;c5
56c4:a27c:ac5e:1469;63
a4b4:692e:b8f3:fe86;65
a3cc:6583:fffe:d722;a9
d35c:9bf5:c659:9477;9a
e56a:0120:9911:b594;b3
fc12:bfc1:8fa5:c013;4d
379f:27e2:23c0:f7b1;50
d159:011f:51e2:6b69;3d
8f8e:bf6d:b0f1:09b4;99
0a08:f674:3df4:e2ba;1a
ff42:d600:d73c:ad4c;32
9939:8286:3765:4849;38
5f20:b003:a72b:db4c;08
1b45:a716:73cb:5917;e4
8e6e:1753:8475:db43;f7
7861:2410:0b2e:0b1a;90
d0ec:1d38:e7ab:967a;a2
ba43:b75e:800b:1dab;e3
57d7:352b:3098:49dd;0d
1cd7:2934:56d2:8fba;b5
b69e:d09e:d302:aa1f;19
0627:6f28:3adf:3cc9;03
8f66:767f:3b9d:52a8;e6
da2f:d257:0b04:0dd6;23
e3f1:3112:2c43:fa03;b3
df8a:91f5:930d:63b3;d2
9e31:5b0d:5329:91a0;87
4b56:8f4a:9722:fe5c;7f
91ab:648c:7303:57e2;c3
89c0:f449:10a5:4c65;bc
dc6c:02f4:5216:d67a;fa
c2d2:fb88:78b7:91e5;a0
d9b4:dbdb:1341:53dd;cd
9d4d:dea7:921d:df15;b7
9e19:00c2:e9d2:c15e;98
59f6:d36c:8eb7:91d2;69
b489:f79f:0c16:d90d;85
32f5:f707:1600:f5b8;5e
2ba9:7409:a6f8:a107;e3
ef9d:c855:e83f:425a;26
368f:6db1:1eca:4a46;06
5103:abd5:89ec:676e;fe
ba90:3997:b2ca:1e83;84
6a30:527d:f974:b27f;84
5e35:b853:8ea9:2a33;51
0e2a:5cff:6bbb:3476;0e
8b63:cd2a:a1e2:7f63;c1
e2da:d275:0f7b:52cd;84
4547:4819:376a:a603;40
3bd5:8c10:71e8:2c8a;af
77e2:2677:0713:1d5d;12
9b72:3d59:486a:9ea5;7e
7cd9:c069:7f7e:a67e;92
5e2e:19f2:53d5:4163;59
567f:dcbc:79ac:9293;8f
e35b:fd22:51e7:6efa;d5
c608:1039:3dc0:f883;f9
9b1e:0086:3065:baae;1e
8bd1:5a76:ae46:e4bf;37
8c8b:f3bc:e04d:fb65;66
3bc8:f1f0:e8ed:27eb;2a
c2b4:a296:a7ba:6561;4f
4b56:4ba5:f7eb:f00a;60
9e4a:7a3c:c7e8:ebef;3e
132b:d2b9:6da6:4081;22
aa94:7eb2:f08f:07a1;ad
8596:3309:e75e:0fa5;6b
3e17:166d:60b8:628c;ef
0111:bbfe:579b:a38f;b1
306f:e4bb:3eb1:9069;e8
3185:b4c6:0dff:b3a1;41
675a:dbc4:9c5e:d985;ca
731d:3119:3779:fbc0;a9
8b28:680c:9ed8:2272;d1
532c:6099:7412:9520;c6
f36e:30df:cc55:e930;64
ea12:9020:b91c:027c;50
f921:50b4:8fee:46a1;66
921c:5089:59c3:87d2;89
7dab:40a0:60af:8c50;ae
b6ff:43c8:4c2b:6bbb;83
6190:e6f7:3df3:b1f5;06
74f9:15ef:ac8e:7eb4;56
ab37:926f:402c:4049;33
ad70:c39e:117d:e8ae;3c
a674:a30b:efa4:106f;92
b19d:f483:6a44:6ee6;2a
a3dc:0d35:e1d5:ea79;fb
1b25:c955:5526:b9ec;ed
fbdd:b95c:369f:4a2e;fa
95b1:5490:de49:bce6;98
1ad9:c461:8a2e:8232;8a
82e9:d87b:a386:8eba;74
61df:d42c:4694:91df;8f
1c62:c175:3dcd:a11d;0e
1022:54d9:ff7e:e307;fe
e486:f573:e238:d741;4a
423a:70da:c42f:17b9;7e
f703:69ed:60fd:54b6;2c
4a8c:7d5b:2647:b42d;20
a8d5:0443:5d92:0a73;15
1a26:35d9:abce:8e22;88
6507:7507:7ab6:8c12;d5
0e0b:ad6c:5e86:3f66;6e
72a1:a60f:263a:2b50;1c
6b00:b7f5:7be5:36b6;dd
f69d:d935:01e6:c836;dc
0796:14de:e11c:9240;5b
3ac2:9a2c:5eae:a1ac;d9
e92c:d217:059e:a794;82
bf48:fd36:bbea:7be8;e6
ab7f:6fb9:839f:4311;36
bb5b:e6bf:cff5:cf00;a0
bb21:0281:292c:97ab;a9
7175:9b73:0ea1:84f7;37
d712:381c:5cfc:4f8f;77
7150:11f9:9c76:1fa2;8a
fa03:b05c:ecd9:2be7;b2
10e5:b9bc:c5d3:b87b;64
94c7:743b:1f2c:cb55;46
505d:9985:564b:a459;c7
c227:81a5:d795:6d83;4c
b3c7:fd3f:1925:319c;9d
b7e3:f3e1:9ee2:122a;04
1ec3:4bb9:96ee:b2e9;b1
9e87:ae9b:dba9:6ee4;8e
4692:ed85:7611:809c;a9
6d9a:b8be:0042:01e9;e4
50f2:fb63:72b0:2ff5;33
def9:35d1:660a:ecfb;c0
abfa:174a:21e5:f545;29
d0c6:cfe0:4216:f590;d7
00ba:9551:b6c9:ce6c;69
0299:91a2:e535:5232;04
8bc9:20a5:4c6a:566f;a5
768a:5083:644e:ac63;56
52e5:00f1:c221:4b05;3a
1a5d:254f:ab76:9bdb;12
ad64:28e0:b154:b8a6;ef
6da4:2225:4f42:5859;e7
aa8f:4e75:1c8c:b415;d1
b661:d528:ae64:b190;fc
41d9:7647:c7b8:68f8;f1
e2b9:5991:bee3:ccf0;25
af02:f7fc:6d55:261f;a4
52bf:98ab:b3bc:5352;e9
98f3:4cf8:2d94:1817;05
fa65:7d80:31f2:1275;29
a0c1:ba9c:8d68:b4da;e8
57c3:54cf:81ed:5309;0c
3791:6015:aaee:360c;4b
8c53:d145:b9ef:cefd;c1
51ce:4538:75e6:c401;31
655b:d948:1468:18c3;86
8b72:9563:bb26:e295;72
bd6d:923c:3312:fd4e;92
e629:bf04:56c8:947c;17
10ab:6f96:ec41:b651;8f
cfd2:5a64:6b74:9715;9a
ecdf:3cdd:7dfe:a23f;17
b477:9cf3:f5f7:bb21;47
625c:2b65:ee52:31d3;58
fb00:6b89:e805:5da4;fb
bcd9:7ac4:68ed:fac4;4a
437a:04ca:7f9f:f009;43
52c5:75be:ef28:5d57;f6
55ea:038f:877e:74c5;a5
5c8e:47fa:248c:3a1a;bd
e6b2:8873:28cc:a6bd;c3
3b49:3466:5649:340e;a6
1410:2e74:3fc1:e5df;5f
b73a:20ff:af35:9f0b;fb
79cc:71b5:8912:9dc8;06
f8ea:69a1:6f6d:4393;56
52ff:b855:bf91:3bfc;c3
e04e:9316:833e:3941;89
1ff1:21f5:b4fc:7d25;14
dfe9:42ed:ba1c:df36;46
c263:f07c:138d:c7cc;47
baf7:664e:70be:d429;ba
ad09:7b5e:b3fa:be9e;a7
3cb4:c070:26e8:19a4;47
fa1c:8df3:deac:97bb;63
5afa:3be2:1044:9ce6;5f
4e6d:3e17:28d4:0880;53
36b3:1193:6572:2939;67
57ed:ab00:f578:b759;57
6be8:5877:b010:8255;9b
fed1:a9fb:375d:9df7;0c
7555:f60d:2a1b:636f;84
5a6e:a2e1:d8a0:5358;7a
34cf:680e:eddb:0818;a2
b1fb:30ab:2764:d909;78
df0b:285c:39ed:2846;b8
8a1c:b377:cb6b:24a2;cf
f95a:18a0:9336:74d6;89
f431:560f:c543:303e;70
a5c6:4d03:02cb:d73a;6e
2ea1:e006:d04d:9859;bf
77a6:63af:6ad1:379c;11
7f3e:3e7f:358c:8624;84
06f3:5506:1624:610a;5b
8ea4:9c5e:1827:85f7;03
125f:7a7c:76d6:b445;dd
3517:479b:71ea:0857;6e
a462:b445:a247:c756;6f
d2b1:ddc3:2555:c1d3;91
5351:67bd:975c:dc9e;28
58dd:1707:cd55:614f;c6
9a02:d7f7:aeab:ff85;66
1066:72b2:feea:07f6;cf
9c8d:bf70:8180:131e;f9
cfbc:3726:f443:a37b;47
c7af:01f4:7760:0a3f;e2
47f7:a4c7:5599:7bc4;83
98d7:03c8:2a43:6690;a6
eb87:739c:a34f:6bc9;8a
eeac:f4d6:7c70:b1e3;32
efb8:b6c8:d8d2:da31;72
23e9:c648:2043:ee2d;e0
d6b7:41fe:48e7:93f9;05
0e4e:97cc:d4f0:ec38;ef
f5ae:6172:e9ec:fd18;bf
67f8:1b7c:0500:1a23;6b
0030:47e7:1630:f6a5;10
3164:c541:27e1:86d4;16
f98d:669d:dde6:a241;fc
4c07:d095:a817:7c90;5a
b5c9:bd12:9944:a7a8;02
100b:7f64:06c5:9976;63
7034:c557:525e:1998;42
6da7:5509:68a6:033a;e6
2c29:dd4b:adba:b063;ca
3b26:94a3:c63c:d26c;77
b181:b443:8923:a9e7;13
99e6:2641:2d4d:bd4d;b6
0e5f:1b01:393b:6da8;8f
9518:5299:a8a4:f599;4f
c196:4b1e:66e7:8f95;9a
afab:7c8d:e31b:05c4;bf
764d:63aa:0339:6304;de
7740:7f39:c18d:706b;8f
6b60:c2bd:78de:5bc8;85
f230:0aa0:761d:bba8;8c
9da7:de7e:8918:d244;17
bbb0:242c:6948:62af;cc
ac5f:bcb2:2058:ee1f;ba
5c45:e571:848f:9900;0e
7906:e150:8923:53b1;0f
837b:7e55:9c1f:2d74;e3
2533:6874:b77e:d876;bc
e17e:16bc:86fc:4b3c;cf
074a:c6ea:6857:3586;28
589c:ced5:a52e:4b27;8d
